month,active_clients,churned_clients,churn_rate
2025-09,106,34.0,0.32075471698113206
2025-10,107,38.0,0.35514018691588783
2025-11,115,48.0,0.41739130434782606
2025-12,129,59.0,0.4573643410852713
2026-01,116,49.0,0.4224137931034483
2026-02,133,68.0,0.5112781954887218
2026-03,144,71.0,0.4930555555555556
2026-04,156,,
2026-05,174,,
2026-06,186,,
