month,top_doctor_share
2025-09,0.3491769200516883
2025-10,0.3461205497240558
2025-11,0.3120574117199753
2025-12,0.27603626358756933
2026-01,0.25204393840597883
2026-02,0.23906718391818021
2026-03,0.2774838559091263
2026-04,0.29417008379390264
2026-05,0.28703091851285084
2026-06,0.2890620188458459
