month,revenue,n_visits,n_doctors,avg_check,visits_per_doctor
2025-09,177990.0,32,4,5562.1875,8.0
2025-10,184820.0,34,4,5435.882352941177,8.5
2025-11,210410.0,38,5,5537.105263157895,7.6
2025-12,221710.0,40,5,5542.75,8.0
2026-01,199370.0,36,5,5538.055555555556,7.2
2026-02,226840.0,41,5,5532.682926829269,8.2
2026-03,257060.0,47,5,5469.36170212766,9.4
2026-04,280450.0,51,5,5499.019607843137,10.2
2026-05,287530.0,52,5,5529.423076923077,10.4
2026-06,324740.0,59,5,5504.067796610169,11.8
